accent,latitude,longitude
90001,48.2083537,16.3725042
80424,47.281639,9.6638683
80423,47.3032592,9.6515773
80422,47.3018009,9.6740663
80421,47.2539343,9.6711154
80420,47.2876898,9.6527997
80419,47.2140794,9.726445
80418,47.2049457,9.6978746
80417,47.2251166,9.6720215
80416,47.2922308,9.6534863
80415,47.2156157,9.6997105
80414,47.2703808,9.6426923
80413,47.2997982,9.5831052
80412,47.3493178,9.6182347
80411,47.2659118,9.7029357
80410,47.3307636,9.6030862
80409,47.3077586,9.647796
80408,47.3351291,9.6440092
80407,47.2364396,9.6313427
80406,47.3146553,9.6739793
80405,47.215441,9.6318883
80404,47.2375671,9.5981724
80403,47.2270771,9.7240052
80402,47.2212517,9.7193666
80401,47.3544962,9.6518728
80303,47.4276538,9.6599406
80302,47.3639973,9.689271
80301,47.4136351,9.7423762
80240,47.4667813,9.750197
80239,47.2581667,10.1833481
80238,47.5199748,9.9126664
80237,47.4267926,10.0379971
80236,47.4137551,9.852372
80235,47.4450945,9.7630419
80234,47.2579216,10.092535
80233,47.3133602,10.0150897
80232,47.3520492,9.9453735
80231,47.5045142,9.9638858
80230,47.3710686,9.8932993
80229,47.5620084,9.8166592
80228,47.3240997,10.1544534
80227,47.3499764,9.8811896
80226,47.5294182,9.7533944
80225,47.4503224,9.920538
80224,47.4747262,9.7313331
80223,47.4683155,9.8974775
80222,47.5084725,9.8299736
80221,47.4828907,9.9354306
80220,47.4796561,9.7648686
80219,47.5875429,9.7813256
80218,47.554821,9.7513786
80217,47.4598203,9.6379578
80216,47.4575826,9.9598311
80215,47.489391,9.6916539
80214,47.4655232,9.5988759
80213,47.4791446,9.6631092
80212,47.536088,9.7797313
80211,47.4314481,9.8973803
80210,47.4923803,9.8789461
80209,47.280449,9.890958
80208,47.4816032,9.81819
80207,47.5025779,9.7472924
80206,47.3693831,9.9287567
80205,47.4580056,9.7722409
80204,47.3852407,9.9013727
80203,47.3224639,9.9774787
80202,47.4123101,9.8949126
80201,47.4503115,9.8313601
80129,47.0957061,9.8644414
80128,47.0766944,9.9028002
80127,47.2149366,9.7862521
80126,47.2,9.7666667
80125,47.1407767,9.8570205
80124,47.2377873,9.8958729
80123,47.0949582,9.9776931
80122,47.0802089,9.9197063
80121,47.2209069,9.8154652
80120,47.0202245,9.9740516
80119,47.1116168,9.866415
80118,47.209833,9.837458
80117,47.1717622,9.8003634
80116,47.183198,9.6995419
80115,47.1954575,9.7826125
80114,47.1297982,9.8515421
80113,47.2091173,10.1401259
80112,47.1312847,10.0921339
80111,47.1444273,9.9157868
80110,46.9833334,10.0333333
80109,47.2474775,9.9088436
80108,47.1240671,9.9969647
80107,47.1430969,9.7751382
80106,47.1512283,9.8035934
80105,47.08761615,9.721095133600434
80104,47.1995763,9.7464679
80103,47.153037,9.8219314
80102,47.2226595,9.8342567
80101,47.092237,9.9076546
70941,47.24052585,11.85605617371953
70940,47.2335951,11.881991
70939,47.4046346,11.7985577
70938,47.2985884,11.6661045
70937,47.3037757,11.6425441
70936,47.3422672,11.683269
70935,47.3228984,11.8633141
70934,47.1608599,11.7360615
70933,47.3225275,11.6432363
70932,47.2914494,11.9062722
70931,47.2915998,11.8842676
70930,47.3959023,11.8228282
70929,47.5150931,11.7964984
70928,47.368032,11.7162781
70927,47.1967384,11.8593827
70926,47.3449529,11.7084253
70925,47.3771614,11.8406936
70924,47.2402277,11.9115677
70923,47.2997158,11.8706394
70922,47.204666,11.8737046
70921,47.3207022,11.6811006
70920,47.1672188,11.8638664
70918,47.290809,11.8743861
70917,47.3915387,11.7717443
70916,47.2045389,11.8645853
70915,47.3507857,11.8734595
70914,47.2186624,11.9002381
70913,47.23194245,11.953669467375548
70912,47.2256221,12.0345602
70911,47.3655593,11.764082
70910,47.294062749999995,11.798387667677678
70909,47.3430373,11.847023
70908,47.1524246,11.8213394
70907,47.4742812,11.58486379208906
70905,47.3733189,11.7516548
70904,47.3904776,11.8517418
70903,47.1668896,11.9000281
70902,47.2651575,11.895909
70901,47.5276244,11.7056026
70837,47.5081159,10.4777778
70836,47.4415816,10.6415183
70835,47.4863609,10.6890365
70834,47.38181425,10.525939103356976
70833,47.5493283,10.6304727
70832,47.4994166,10.5160985
70831,47.2423134,10.2926656
70830,47.382914,10.5622185
70829,47.5126197,10.4610001
70828,47.4891092,10.7187955
70827,47.5417074,10.690383269570443
70826,47.5103376,10.7189474
70825,47.299707850000004,10.594328613355867
70824,47.4850217,10.6109439
70823,47.3559138,10.6555604
70822,47.5348549,10.6707332
70821,47.3989427,10.8877611
70820,47.4869567,10.7036752
70819,47.2155823,10.2995316
70818,47.5735284,10.4470103
70817,47.2600843,10.3445814
70816,47.4725572,10.6869975
70815,47.3604517,10.4617313
70814,47.4458377,10.7458918
70813,47.29450975,10.48924314366543
70812,47.2679409,10.535317
70811,47.5010086,10.5534579
70810,47.4186125,10.5864835
70809,47.3396244,10.5429672
70808,47.2910157,10.436874
70807,47.3986534,10.9205046
70806,47.4584107,10.682567143497435
70805,47.4886608,10.7277219
70804,47.4204978,10.789158
70803,47.3823667,10.8915055
70802,47.4091141,10.747685
70801,47.24407375,10.412906117436808
70735,46.7515282,12.4409023
70734,47.0038878,12.4600417
70733,46.7037966,12.6775325
70732,46.817063,12.7881389
70731,46.8484676,12.7611447
70729,46.7505281,12.4870636
70728,46.7472874,12.4180291
70727,46.8796281,12.6568072
70726,46.9247717,12.4236408
70725,46.90251,12.6272687
70724,46.946262950000005,12.262485628651376
70723,47.0380346,12.312435883926009
70721,46.7100276,12.6147258
70720,46.84537,12.73071
70719,46.8373,12.806
70718,46.7869681,12.9089785
70717,47.0,12.5333333
70716,46.904632,12.51192976286156
70715,46.8094477,12.7492166
70714,46.8984609,14.8438629
70713,46.7253647,12.4974701
70712,47.0023791,12.6458495
70711,46.86987605,12.840795422552784
70710,46.8078411,12.3720904
70709,46.9218,12.5208519
70708,46.853196350000005,12.786594902836882
70707,46.8257242,12.841001
70706,46.7864926,12.4290642
70705,46.7861656,12.6399285
70704,46.7724023,12.5561701
70703,46.8134891,12.7618168
70702,46.8660563,12.690189
70701,46.7564042,12.5298515
70630,47.1582937,10.5890562
70629,47.0177114,10.6076769
70628,47.1257792,10.5135181
70627,47.1251637,10.4614527
70626,47.1485314,10.5539935
70625,46.9580528,10.4365284
70624,47.0375066,10.6103285
70623,47.0833333,10.4666667
70622,47.193936,10.6496315
70621,47.1288996,10.2663669
70620,47.0541125,10.6523182
70619,47.0770558,10.6642553
70618,47.1349355,10.5129292
70617,46.9984543,10.5829968
70616,47.1494872,10.3435849
70615,46.8917562,10.5026037
70614,47.1424135,10.5704571
70613,47.0725301,10.6494848
70612,47.0791149,10.6911021
70611,47.0351419,10.7466146
70610,47.0829843,10.7086245
70609,47.0633793,10.3755315
70608,47.0120228,10.2913166
70607,47.1411525,10.5149516
70606,46.9681674,10.1865341
70605,47.1485846,10.4084404
70604,47.1196695,10.628606
70603,47.0571538,10.6166175
70602,47.053763,10.676418
70601,47.0812015,10.672346
70531,47.4872718,12.0637633
70530,47.3988608,12.031095168128473
70529,47.6512311,12.3186415
70528,47.5065843,12.0399435
70527,47.5806574,12.029915079797096
70526,47.5037676,12.1914903
70525,47.5440468,12.1407757
70524,47.5284373,12.2507041
70523,47.6568865,12.26899
70522,47.4168269,11.8798321
70521,47.4398841,11.8941106
70520,47.4464064,11.907867
70519,47.6691067,12.227436598000502
70518,47.6500522,12.2137047
70517,47.4207732,11.8330474
70516,47.5261836,12.05395
70515,47.55163005,12.079723948042025
70514,47.4691393,11.9845598
70513,47.582996,12.1692134
70512,47.4450519,11.8808259
70511,47.5111617,12.0859208
70510,47.6817612,12.1815044
70509,47.5136972,12.3024747
70508,47.630874,12.2154318
70506,47.4302395,11.8772297
70505,47.4785413,11.9737896
70504,47.4901867,11.8939235
70503,47.510719,12.1188475
70502,47.5072393,12.0648925
70501,47.398816,11.9434513
70420,47.4320467,12.2141675
70419,47.5842705,12.5687421
70418,47.6319693,12.3914614
70417,47.5283873,12.5745465
70416,47.5224141,12.4286809
70415,47.498375,12.5502397
70414,47.476011,12.3422357
70413,47.499863,12.3832433
70412,47.6703019,12.4055164
70411,47.4463585,12.3911473
70410,47.5586658,12.4489994
70409,47.4475913,12.3144495
70408,47.3804596,12.4180047
70407,47.4701866,12.1434521
70406,47.4504996,12.1558791
70405,47.4699382,12.6184886
70404,47.53295955,12.345026270277598
70403,47.4762087,12.5454618
70402,47.4494684,12.2494696
70401,47.4139754,12.4315665
70370,47.1312496,11.4536634
70369,47.2733773,11.2422348
70368,47.3183586,11.0068175
70367,47.2935786,11.5907326
70366,47.2720773,11.6070247
70365,47.2873139,11.5652597
70364,47.2523245,11.3279408
70362,47.0548784,11.513744
70361,47.2596685,11.2575503
70360,47.2584056,11.534256
70359,47.0836771,11.4175695
70358,47.29282,11.4738309
70357,47.3046511,11.071515
70356,47.1643915,11.3597328
70355,47.0907467,11.4665722
70354,47.2816648,11.5075337
70353,47.2364565,11.4488053
70352,47.2137965,11.2139832
70351,47.3289241,11.1867187
70350,47.1862866,11.4040555
70349,47.0792921,11.5639472
70348,47.3902687,11.2647993
70347,47.2021738,11.1013913
70346,47.2867829,11.4573834
70345,47.2500026,11.5029614
70344,47.2990916,11.2043597
70343,47.2576977,11.211065
70342,47.2814998,11.1504256
70340,47.2987869,11.0830431
70339,47.2922126,11.1564874
70338,47.2044835,11.4157677
70337,47.24378,11.2467684
70336,47.0165487,11.4196364
70335,47.3015166,11.0951619
70334,47.1106408,11.307579
70333,47.1310958,11.5402532
70332,47.2336947,11.3737585
70331,47.2284492,11.3782646
70329,47.2875371,11.5293358
70328,47.1691886,11.3810841
70326,47.3702802,11.1424534
70325,47.2385132,11.4324242
70323,47.2820492,11.6518634
70322,47.3005638,11.6362229
70320,47.2542856,11.2729463
70319,47.274186,11.1970065
70318,47.2784838,11.1676831
70317,47.0448991,11.3521185
70315,47.2290597,11.2537805
70314,47.1955069,11.1562281
70313,47.0380876,11.4798884
70312,47.2359336,11.3110357
70311,47.3211593,11.5669763
70310,47.1530974,11.3490587
70309,47.3067085,11.5892285
70308,47.2914704,11.1228632
70307,47.18714275,11.481965913116952
70306,47.235717,11.2999641
70305,47.3002987,11.5634636
70304,47.2307532,11.279297
70303,47.2632642,11.4634697
70302,47.2505591,11.4472601
70301,47.2965003,11.5051409
70224,47.1689001,10.7298174
70223,47.1379396,10.9298872
70222,47.2618485,10.7623191
70221,47.2765181,10.9802836
70220,46.9673961,11.0070193
70219,47.2669042,10.9332921
70218,47.2083854,10.8667272
70217,47.0659646,10.8455997
70216,47.2183286,10.8146761
70215,47.2874209,11.0291733
70214,47.2033325,10.8966104
70213,47.2986159,10.9257745
70212,47.3147862,10.8378637
70211,47.2815623,10.9552252
70210,47.2064832,10.6755434
70209,47.341207600000004,10.965634411666404
70208,47.0731881,10.9712246
70207,47.2251808,10.7681674
70206,47.2187457,10.7790772
70205,47.1512086,10.7469146
70204,47.2058377,10.6970143
70203,47.2381536,10.7406982
70202,47.2548587,10.8829105
70201,47.19283,10.7658287
70101,47.2654296,11.3927685
62390,46.8063812,15.8704495
62389,46.9037474,15.7112919
62388,46.7977779,15.7591666
62387,46.8355129,15.96097293783466
62386,47.0006028,15.9346832
62385,46.9551045,15.5964983
62384,46.9408549,15.7920875
62383,46.7083655,15.7690617
62382,46.9870629,15.7650312
62381,46.93587225,15.658490241694643
62380,46.8742452,15.826349
62379,46.9527822,15.8886091
62378,46.9360244,16.0104808
62377,46.7517263,15.8304298
62376,46.6880556,15.9880546
62375,46.8744727,15.9049632
62372,46.978392,16.058102
62368,46.7857098,15.9450189
62343,46.8043385,15.7106908
62335,46.7642309,15.9668861
62332,46.8851422,15.9739692
62330,46.8543742,15.7379483
62326,46.7209711,15.947201
62314,47.0281875,15.790244
62311,46.9886719,15.8370708
62279,47.4841608,15.857686936091689
62278,47.406214,15.8883404
62277,47.3881527,15.9920125
62276,47.2309666,16.063281489467077
62275,47.302891,15.8340187
62274,47.1776977,16.0991378
62273,47.0128855,16.100808
62272,47.2247418,15.9117162
62271,47.0875238,15.9258432
62270,47.19571295,15.8941621494046
62269,47.0795651,15.9926641
62268,47.3399814,15.9924329
62267,47.0499925,16.0816815
62266,47.193497300000004,15.845534080559819
62265,47.416287,16.0189451
62264,47.168506,16.0088882
62262,47.4257927,15.7864361
62256,47.250548,15.806825786845785
62252,47.0309571,16.0176977
62247,47.4778406,16.1095566
62245,47.441083,15.9540537
62244,47.2816343,16.0252657
62242,47.4670093,15.7676521
62235,47.3156443,15.8574327
62233,47.4450088,16.06516
62232,47.0471934,15.8965914
62226,47.227336,16.080139
62220,47.26910245,15.930687161504427
62219,47.2809371,15.9691769
62216,47.1493875,15.8974288
62214,47.3113284,15.9643405
62211,47.4415247,16.057816
62209,47.1988466,15.961603
62206,47.1430636,16.0985464
62205,47.22582045,16.007389936528394
62202,47.116084,16.0516461
62148,47.52309755,15.069765566502937
62147,47.5183601,15.2197291
62146,47.4419748,15.364869458204257
62145,47.5588062,15.502057
62144,47.6628048,15.5783121
62143,47.6053538,15.6723805
62142,47.7717395,15.3174781
62141,47.5049711,15.4498601
62140,47.4405481,15.2901669
62139,47.4121987,15.2721668
62138,47.56930010000001,15.260717022715937
62135,47.5585706,15.3376224
62132,47.4666682,15.5002776
62131,47.6155452,15.7524034
62128,47.4830747,15.3709077
62125,47.3594682,15.3445055
62116,47.5678089,15.6222548
62115,47.5453375,15.5596098
62105,47.3934357,15.461646275572281
62048,47.1533213,14.7366379
62047,48.2274518,15.3572755
62046,47.2275301,14.8588444
62045,47.30781405,14.859571887952953
62044,47.328852999999995,14.463291605252161
62043,47.2270975,14.578218916859576
62042,47.0683385,14.69537
62041,47.2147399,14.8297233
62040,47.1694082,14.6601079
62039,47.1429985,14.878193109151198
62038,47.1912045,14.7549244
62036,47.195468149999996,14.43270053931859
62034,47.2742316,14.7862002
62032,47.1862661,14.5879462
62026,47.2066759,14.4998429
62021,47.3078125,14.3750373
62014,47.247305,14.8456341
62010,47.4339999,14.4834523
62008,47.2731973,14.6694941
62007,47.2073941,14.6779341
61766,47.2174206,15.6221694
61765,47.1531781,15.6633027
61764,47.186381,15.780312855579535
61763,47.2819214,15.515058
61762,47.160101600000004,15.760163074671528
61761,47.21114095,15.530309934233168
61760,47.1054105,15.7098162
61759,47.1622227,15.8538305
61758,47.2864789,15.4778033
61757,47.3560657,15.6950405
61756,47.2744566,15.6901034
61751,47.2501951,15.654711874776245
61750,47.4117299,15.72315
61748,47.1049888,15.8269858
61746,47.0481158,15.743526180263716
61745,47.3008599,15.5769319
61744,47.4900211,15.677130042132763
61743,47.5257339,15.7796033
61741,47.483903,15.7209538
61740,47.224767,15.7257485
61731,47.2457116,15.6041668
61730,47.218058549999995,15.586268420696161
61729,47.1702269,15.616049
61728,47.3696694,15.7593401
61727,47.11021875,15.675574367381659
61719,47.0752214,15.7479752
61716,47.0546863,15.8431863
61711,47.3833333,15.5708676
61710,47.2620383,15.743553199533856
61708,47.4429172,15.6502412
61701,47.14023545,15.720405693500913
61633,47.0012911,15.2736048
61632,47.0637311,15.0636954
61631,47.0644882,15.0850032
61630,47.1408243,15.0930166
61629,46.9968995,14.96487182474663
61628,47.1693886,15.1651438
61627,47.0223283,15.0503629
61626,47.0726198,15.1262903
61625,47.0504742,15.1474771
61624,47.0455874,15.2177953
61621,47.0101328,15.1039419
61618,47.0512948,15.1246598
61615,46.985045,15.2822289
61612,46.9930883,15.207952
61611,47.014776499999996,15.189208871362963
61446,47.137338549999996,14.322966383841795
61445,47.022908,13.969509134296207
61444,47.1502827,14.4100976
61443,47.072029,14.2990842
61442,47.08670965,14.087380785552964
61441,47.1578564,14.0824705
61440,47.203977,14.2811889
61439,47.073124,14.4260465
61438,47.11224,14.16919
61437,47.216545999999994,13.955919995709564
61428,47.1823383,14.1119365
61425,47.1870253,14.1871049
61413,47.1497565,14.3739465
61410,47.0308158,14.5078894
61267,47.5605255,14.069501263821493
61266,47.34787205,13.98686223534862
61265,47.3940415,13.6867878
61264,47.6923547,14.6172935
61263,47.524226,14.3585643
61262,47.4611236,13.9909816
61261,47.4760129,13.942759519148035
61260,47.385314050000005,13.883338817569491
61259,47.5070965,14.212568375549036
61258,47.64748255,14.77771646800959
61257,47.411233,14.150191275493967
61256,47.4910077,14.5480409
61255,47.5553729,13.9323276
61254,47.4198349,13.8204237
61253,47.573782,14.4615721
61252,47.5523492,14.146968
61251,47.6649592,14.9854134
61247,47.487348,14.4857262
61243,47.5495159,14.314379
61236,47.4217532,13.6531171
61222,47.5269086,14.2633436
61217,47.4763499,12.1226254
61215,47.6272662,13.837928
61213,47.4459809,13.9008766
61207,47.6094985,13.7835784
61206,47.5911294,14.3645596
61205,47.7243778,14.6489549
61204,47.6398954,13.7640614
61203,47.520529,14.1431493
61120,47.4251065,15.0065515
61119,47.4494381,14.6748123
61118,47.4883966,14.9940399
61116,47.377154,14.9859054
61115,47.3180637,14.98045
61114,47.3996862,15.032138
61113,47.3378642,15.0210982
61112,47.532933400000005,14.752229357949414
61111,47.3978336,15.1335335
61110,47.3969055,15.1571394
61109,47.4009263,14.8263243
61108,47.3805128,15.0947756
61107,47.307268,14.9355514
61106,47.3929688,14.9007553
61105,47.4259292,14.7585811
61101,47.5420788,14.8857099
61061,46.7267476,15.6282242
61060,46.77423895,15.667012686184467
61059,46.8873498,15.5145485
61057,46.857577250000006,15.652138842956905
61055,46.8759143,15.5790451
61054,46.66735,15.4681947
61053,46.7804762,15.5407005
61052,46.9553629,15.5854661
61051,46.7530485,15.3665385
61050,46.7213788,15.5533088
61049,46.725492,15.5847781
61045,46.766314,15.5571703
61043,46.8129297,15.5170477
61033,46.823372449999994,15.44678412410826
61032,46.7021679,15.4001519
61030,46.79714885,15.39932818129738
61027,46.83659,15.5926514
61024,46.6904292,15.352179065726721
61021,46.8522,15.5383
61020,46.8382483,15.5025183
61019,46.7810978,15.4537634
61017,46.8691412,15.4500606
61016,46.7538916,15.4882488
61013,46.736434,15.4414048
61012,46.811407,15.5526074
61008,46.7813377,15.5881617
61007,47.0000641,15.6030244
61002,46.676506,15.401302
61001,46.9154068,15.5529107
60670,46.96298025,15.412252413485414
60669,47.0047875,15.394198241769864
60668,47.0189811,15.6870879
60667,47.02233175,15.508795149863772
60666,47.0618287,15.6084024
60665,47.0345193,15.3015808
60664,47.1231264,15.3304611
60663,47.2715315,15.3260206
60662,46.9454505,15.512775640701395
60661,47.1235207,15.6036249
60660,46.923716,15.39554476716716
60659,47.1990318,15.335976
60656,46.9260357,15.4508945
60655,46.9247164,15.4909271
60654,47.1436435,15.483534191382372
60653,47.0136807,15.55514
60651,47.226439,15.2341951
60648,47.0792405,15.3549817
60647,47.1026794,15.2189739
60646,47.1377347,15.4195952
60645,47.2178173,15.4022902
60642,47.1805259,15.4896288
60641,47.0872288,15.2800939
60639,47.0689015,15.2570385
60632,47.206807,15.3451254
60629,46.9749381,15.33376
60628,47.0769353,15.582024
60626,47.1600037,15.5349406
60624,46.9665661,15.45949716080369
60623,47.0999906,15.5562913
60619,46.990471,15.5096604
60618,46.9893679,15.3534284
60617,47.0468304,15.5124018
60613,47.1326223,15.3390907
60611,46.9969426,15.4869681
60608,47.0116701,15.4431328
60351,46.7190989,15.2702936
60350,46.8936066,15.264379
60349,46.7565426,15.2004325
60348,46.9294783,15.2536154
60347,46.7563187,15.2973585
60346,46.8233051,15.3162613
60345,46.6862611,15.245156
60344,46.8146272,15.2137799
60341,46.8307285,15.3843566
60329,46.7572571,15.2515153
60326,46.9094341,15.3359201
60324,46.858903,15.4064066
60323,46.72734175,15.293860993665886
60318,46.9427967,15.3336113
60305,46.8260137,15.2547212
60101,47.0708678,15.4382786
50628,47.3239636,12.7963165
50627,47.5220215,12.7525756
50626,47.2461482,12.2281925
50625,47.3662876,12.7357884
50624,47.284449,12.5724184
50623,47.6511097,12.7303379
50622,47.2927422,12.9632834
50621,47.288177,12.5286819
50620,47.5660104,12.7064192
50619,47.4266166,12.8481048
50618,47.3724977,12.593677672265624
50617,47.1582215,12.956604
50616,47.2921289,12.7162818
50615,47.281619,12.648169
50614,47.251607,12.2762162
50613,47.2815157,12.4837012
50612,47.4053277,12.9027126
50611,47.3611756,12.8061392
50610,47.5866984,12.6934197
50609,47.4386347,12.759888
50608,47.2985259,13.0439039
50607,47.2219102,12.1754599
50606,47.2713898,12.7573679
50605,47.2752049,12.4194693
50604,47.2256487,12.8256209
50603,47.3818943,13.0022576
50602,47.2866946,12.8241307
50601,47.2727902,12.3473963
50515,47.1519516,13.507516
50514,47.176786,13.7025238
50513,47.1124378,13.7412804
50512,47.1899261,13.6013558
50511,47.0710961,13.7489653
50510,47.1261065,13.8103817
50509,47.0989566,13.6376823
50508,47.0806102,13.6947849
50507,47.1491046,13.7930773
50506,47.0743129,13.8353664
50505,47.0982648,13.4978449
50504,47.1338713,13.6797275
50503,47.1513091,13.7456747
50502,47.1890667,13.8078214
50501,47.219060999999996,13.753125836764102
50425,47.4615532,13.2567806
50424,47.48592875,13.10635361886558
50423,47.3336293,13.3031532
50422,47.2872488,13.510597060324482
50421,47.3211088,13.151022
50420,47.3291614,13.1542777
50419,47.47832635,13.365189108522884
50418,47.3475782,13.2026049
50417,47.375287549999996,13.49121603703339
50416,47.4570287,13.205675
50415,47.3761503,13.1249445
50414,47.2305949,13.33168609534533
50413,47.14496035,13.257918938006135
50412,47.4165454,13.3068468
50411,47.2374042,13.2013974
50410,47.3187493,13.1028812
50409,47.378405,13.5492954
50408,47.30336365,13.38421569905664
50407,47.451189049999996,13.513715260042968
50406,47.4283237,13.39761695316136
50405,47.24058685,13.098596670094224
50404,47.40920615,13.218436152000923
50403,47.087112399999995,13.16085298508295
50402,47.1703104,13.1060635
50401,47.338455350000004,13.441698918286551
50339,47.8942481,13.1260778
50338,47.7986,12.9807
50337,47.8414905,13.2535481
50336,47.7170199,13.4835153
50335,47.9801512,13.2555023
50332,47.9680524,13.0779605
50331,47.9537137,13.1523589
50330,47.7670412,13.3642943
50329,47.994607,12.8795575
50328,47.8323325,13.1831669
50327,47.9380101,13.0752378
50326,47.939935,12.9461482
50325,47.9595607,13.0089196
50324,47.9450169,13.2253002
50323,47.9699824,13.1026633
50322,47.9926148,12.9554913
50321,47.8078354,13.1554315
50320,47.9568047,13.1978045
50319,47.8197109,13.2130752
50318,47.7133066,13.2881383
50317,47.8994623,13.1882214
50316,47.8511946,13.0830349
50315,47.7252029,12.9075755
50314,47.7381691,13.0394985
50313,47.9453209,12.9529286
50312,47.7963895,13.3027787
50311,47.7781258,13.2337735
50310,47.8671332,13.1231841
50309,47.7592351,13.0825458
50308,47.8674868,13.0670649
50307,47.7906849,13.175644
50306,48.0226433,13.0150921
50305,47.9837357,12.9233739
50304,47.996463,13.0621595
50303,47.8408541,13.0221612
50302,47.8801316,13.012279
50301,47.7497338,13.0638706
50213,47.6665713,13.1333527
50212,47.5845479,13.2316396
50211,47.6427509,13.2040549
50210,47.5875291,13.4607833
50209,47.716852,13.0904526
50208,47.7002276,13.0988894
50207,47.6258369,13.1451024
50206,47.7154176,13.1795114
50205,47.6821521,13.0956313
50204,47.5967154,13.1674472
50203,47.50402205,13.448640532178151
50202,47.6963575,13.1307565
50201,47.5642319,13.3460333
50101,47.7981346,13.0464806
41824,48.1642098,14.1271488
41823,48.1522388,14.030993
41822,48.1155227,14.0199015
41821,48.0789591,13.9578064
41820,48.0838623,13.8694007
41819,48.0972277,14.1100234
41818,48.1598261,14.0758845
41817,48.0702992,14.0581292
41816,48.1851073,13.9007289
41815,48.1291417,13.8431354
41814,48.1574144,13.8372064
41813,48.0988519,13.8141663
41812,48.1907992,14.1117625
41811,48.0919647,13.8724131
41810,48.2052471,13.9556822
41809,48.2230119,14.0968764
41808,48.1334587,13.9427447
41807,48.0882154,13.9470248
41806,48.0977674,13.8995169
41805,48.0433366,13.9814852
41804,48.2241613,14.0226453
41803,48.0633093,13.901416
41802,48.1307127,13.793553
41801,48.1086086,13.7915976
41752,48.0797599,13.59055006548694
41751,47.9024754,13.3187889
41750,48.1068703,13.6728906
41749,47.9020955,13.5722764
41748,47.95075345,13.400776902248147
41747,48.0022211,13.4850818
41746,48.0078587,13.6460378
41745,47.816465550000004,13.473181062166006
41744,48.0468307,13.6138269
41743,48.0015216,13.6125109
41742,47.878189750000004,13.330396925232218
41741,47.9092541,13.4540582
41740,47.8300947,13.5465849
41739,47.9539201,13.5866842
41738,48.0545249,13.7749232
41737,47.9463531,13.6035607
41736,48.076687750000005,13.794642846333826
41735,47.8228118,13.3561241
41734,47.9336035,13.4908056
41733,48.0541269,13.705389496506154
41732,48.0416013,13.7896687
41731,47.991944,13.688056
41730,48.0234116,13.744331
41729,48.07776425,13.411365052863342
41728,48.036505250000005,13.714987255411252
41727,48.0465636,13.578404053485254
41726,47.9969423,13.3696421
41725,48.0723002,13.7262089
41724,48.040517699999995,13.67654094943951
41723,48.02085625,13.467814947202752
41722,48.0957323,13.6595059
41721,47.8676472,13.4324268
41720,48.0564079,13.7607085
41719,47.9521757,13.3057993
41718,47.8832538,13.5237703
41717,48.0996136,13.7672519
41716,48.0410172,13.5377103
41715,47.8560014,13.3500658
41714,48.07126875,13.662845949249277
41713,47.9733296,13.6049039
41712,47.8323648,13.4103451
41711,47.9886346,13.5535029
41710,47.9855432,13.4191655
41709,48.0680308,13.4921448
41708,48.0228726,13.4305845
41707,48.0220048,13.7722804
41706,47.9487893,13.484796276740528
41705,47.952313,13.6727183
41704,48.0848267,13.7023591
41703,48.0114566,13.7210848
41702,47.9143904,13.5356091
41701,48.0924656,13.5661129
41628,48.5518449,14.2187287
41627,48.4667946,14.2713054
41626,48.3513494,14.161397
41624,48.2857922,14.3721272
41623,48.45848465,14.296286046742178
41622,48.5019258,14.3622859
41621,48.38470385,14.117394076653234
41620,48.5434585,14.3849807
41619,48.4580248,14.3466756
41618,48.3115806,14.2405637
41617,48.3318812,14.1757273
41616,48.4666456,14.3869533
41615,48.4645137,14.226266
41614,48.3599866,14.257648
41613,48.4130943,14.2764418
41612,48.4310651,14.113488
41611,48.4317006,14.3000344
41610,48.4420169,14.3474842
41609,48.3791617,14.1917923
41608,48.3311512,14.0994466
41607,48.3531392,14.4164196
41606,48.3448903,14.0534296
41605,48.3444529,14.4420162
41604,48.41032295,14.22972181544776
41603,48.5226514,14.2930689
41602,48.3734097,14.3485638
41601,48.4055242,14.4184468
41522,47.8572561,14.6635607
41521,48.0838067,14.3782937
41518,47.9962459,14.2597211
41517,47.9458416,14.357251
41516,48.044724,14.3091999
41515,48.0920742,14.2645752
41514,48.0217605,14.4236916
41513,48.0668691,14.1904565
41512,47.8913917,14.4604915
41511,48.0290289,14.1984423
41510,47.937321,14.6070035
41509,47.9259676,14.4322317
41508,47.9519917,14.4557065
41507,47.8862041,14.550121
41506,48.0222203,14.4077971
41505,47.8949595,14.7240481
41504,48.0911262,14.4158759
41503,48.0348017,14.2091385
41502,48.012018,14.3346263
41501,47.9920979,14.2178482
41430,48.3148386,13.6288198
41429,48.5049827,13.483691048803827
41428,48.43897,13.82196
41427,48.5277378,13.6513849
41426,48.4100785,13.5375533
41425,48.4106552,13.4291104
41424,48.3962298,13.59831
41423,48.5195888,13.4972841
41422,48.4569975,13.4318
41421,48.3601879,13.6875134
41420,48.4820952,13.6106512
41419,48.387705,13.4502319
41418,48.4421593,13.4426943
41417,48.48072,13.73555
41416,48.3007377,13.6353662
41415,48.455142,13.534315
41414,48.352497,13.645552
41413,48.4845487,13.570698
41412,48.350466,13.4937017
41411,48.43985,13.65934
41410,48.5659348,13.5123039
41409,48.5439116,13.5703877
41408,48.3881345,13.6471129
41407,48.5052032,13.7325696
41406,48.3494153,13.478084
41405,48.279528,13.6272639
41404,48.41517,13.569758
41403,48.4691835,13.4599254
41402,48.3729785,13.5783677
41401,48.321527950000004,13.689680668727041
41346,48.5700194,14.1100556
41345,48.5426689,14.1422094
41344,48.5723052,13.9908156
41343,48.6443258,13.9688049
41342,48.6751701,13.9105182
41341,48.7306113,13.8342191
41338,48.5460405,13.9050005
41337,48.4678392,14.1636367
41336,48.471423,14.0441306
41334,48.5024482,14.0809255
41333,48.6193959,14.0310317
41332,48.4154111,14.038845
41331,48.4883264,14.1305036
41329,48.5288075,13.756264
41328,48.5165615,13.8733381
41327,48.5037628,13.826212
41326,48.6177619,13.8940252
41325,48.6028385,13.9454044
41324,48.5528498,13.7704852
41323,48.4511133,14.0853374
41322,48.465311,13.8809951
41321,48.4842345,13.9997079
41320,48.628449,13.8460924
41319,48.59740705,14.044335103185517
41318,48.4948817,13.894292
41317,48.6051348,13.8415212
41316,48.45636,13.9923033
41315,48.6955597,13.8803764
41314,48.44404455,13.936606702571638
41313,48.6585011,13.8667836
41312,48.4828885,13.8107092
41311,48.5175681,13.9154472
41309,48.5752502,14.041319
41307,48.5444132,14.0525328
41306,48.539089,13.869988
41305,48.5248776,13.9948969
41304,48.4853254,13.9690173
41236,48.22390665,13.379409779247368
41235,48.2767056,13.3734206
41234,48.1351134,13.4280634
41233,48.2753967,13.4620569
41232,48.2315195,13.4974623
41231,48.2635327,13.5746936
41230,48.2608261,13.4169031
41229,48.1459319,13.4650203
41228,48.2932421,13.4386654
41227,48.1820076,13.5793678
41226,48.2928219,13.3336792
41225,48.2085868,13.48839
41224,48.3355603,13.3609491
41223,48.1402426,13.4861295
41222,48.2376023,13.5475713
41221,48.1544877,13.4845914
41220,48.3154945,13.4337442
41219,48.3211392,13.3340526
41218,48.1895344,13.4735892
41217,48.2825603,13.2169721
41216,48.3034672,13.3655215
41215,48.1726722,13.3443973
41214,48.2075803,13.4352855
41213,48.1441002,13.4059711
41212,48.3165483,13.5135562
41211,48.2097656,13.3591843
41210,48.2943094,13.2819617
41209,48.1928265,13.5431306
41208,48.2437409,13.3398747
41207,48.2644395,13.292757
41206,48.20067,13.5814
41205,48.240513,13.4291409
41204,48.1556913,13.561891
41203,48.2480649,13.4556185
41202,48.35,13.4
41201,48.2645344,13.5256817
41126,48.2840594,14.6815075
41125,48.2733549,14.948309
41124,48.2741408,14.5817826
41123,48.2080208,14.7895366
41122,48.3125231,14.7618378
41121,48.2332461,14.9057113
41120,48.2718132,14.4485413
41119,48.35948,14.8967303
41118,48.2701907,14.5291869
41117,48.3216248,14.7109188
41116,48.2500898,14.6338102
41115,48.3192979,14.8170064
41114,48.2253622,14.607888
41113,48.267199,14.7132266
41112,48.1852883,14.7095115
41111,48.2404063,14.5162667
41110,48.2729591,14.414374
41109,48.2512861,14.482099
41108,48.2667163,14.8070465
41107,48.224833,14.7825148
41106,48.3180508,14.4728701
41105,48.2271779,14.8551948
41104,48.3064161,14.9080282
41103,48.2091891,14.7451588
41102,48.2285239,14.7036032
41101,48.3015218,14.6510888
41022,48.3235801,14.1921444
41021,47.9484799,13.815004
41020,48.1454559,14.2790556
41019,48.188769,14.1849396
41018,48.1149745,14.2256336
41017,48.2576453,14.2044214
41016,48.2342492,14.1339547
41015,48.160162,14.3391085
41014,48.1379716,14.2284929
41013,48.2072861,14.3816038
41012,48.2793314,14.2487457
41011,48.142235,14.4644653
41010,48.2605254,14.1478085
41009,48.1100081,14.1918548
41008,48.1416786,14.3786659
41007,48.2264661,14.1782774
41006,48.1482307,14.4245338
41005,47.5549145,14.2170959
41004,48.1307378,14.1483274
41003,48.2202092,14.4214667
41002,48.2090744,14.2892608
41001,48.1532097,14.171103
40923,47.7218417,14.3289935
40922,47.9893175,14.1186791
40921,47.7127562,14.2250312
40920,47.9695546,14.2672948
40919,47.8914824,14.0315701
40918,47.6646136,14.3401869
40917,47.9378369,14.1264301
40916,47.7646931,14.2067181
40915,47.7013906,14.2746056
40914,47.7131356,14.3882249
40913,48.0252687,14.0748708
40912,47.9614255,14.0161792
40911,47.9346816,14.178399995193601
40910,47.9717312,14.1633096
40909,47.8861962,14.2572718
40908,47.87735995,14.137569461592385
40907,48.0533652,14.128766
40906,47.8319921,14.1573375
40905,47.905194,14.1244169
40904,47.9263917,14.0780469
40903,47.6998016,14.1554223
40902,47.9201709,14.218059968528115
40901,47.710282,14.3416611
40835,48.3438653,13.7710445
40834,48.2310539,13.6658144
40833,48.1837255,13.7022275
40832,48.2320968,13.9462068
40831,48.329977,13.8570723
40830,48.2450608,13.8032836
40829,48.2469359,13.7487536
40828,48.3523498,13.735973508943253
40827,48.2181486,13.8721178
40826,48.2850564,13.881158
40825,48.2115936,13.7793409
40824,48.3845902,13.87668
40823,48.2055468,13.6800399
40822,48.361082,13.5673654
40821,48.2608182,13.8511669
40820,48.2832333,13.7710172
40818,48.273967,13.7266998
40817,48.4049416,13.7802153
40816,48.39766,13.74806
40815,48.2885249,13.8316159
40814,48.1801743,13.7946825
40813,48.176955,13.859853
40812,48.281649,13.7136379
40811,48.2198237,13.7406401
40810,48.3545372,13.822367
40809,48.1846469,13.641251
40808,48.235011,13.826192
40807,48.1533073,13.6337842
40806,48.1438731,13.7351465
40805,48.2073222,13.8144644
40804,48.3891584,13.82061
40802,48.2303903,13.9194253
40801,48.1869598,13.7417833
40720,48.0035141,13.922837
40719,47.904491,13.9609752
40718,47.8448255,13.7902844
40717,47.749753,13.50269371054506
40716,47.9135494,13.8892579
40715,48.0281477,13.84351130934489
40714,47.9339958,13.7698312
40713,47.9611479,13.7927962
40712,47.5580272,13.685288
40711,47.9825598,13.8225156
40710,47.9706301,13.8992429
40709,47.5621698,13.6486697
40708,47.9357611,13.8453112
40707,47.8529968,13.9571241
40706,47.5851071,13.5362156
40705,47.9185855,13.8003048
40704,47.8122366,13.7741666
40703,47.7115299,13.6239333
40702,47.6272899,13.621019584669174
40701,47.9016069,13.7652213
40627,48.3495852,14.6686399
40626,48.5861953,14.5615088
40625,48.4778598,14.7265174
40624,48.3503176,14.5082316
40623,48.5090478,14.4390297
40622,48.3673201,14.4688722
40621,48.4353993,14.7819491
40620,48.3312957,14.6220747
40619,48.3942053,14.7291061
40618,48.5005571,14.5877251
40617,48.4435644,14.6775974
40616,48.5603578,14.6444023
40615,48.5576408,14.4764598
40614,48.3549825,14.5308031
40613,48.3482252,14.7565283
40612,48.4282164,14.4845341
40611,48.5316536,14.8090428
40610,48.6159172,14.5036113
40609,48.4714029,14.5407634
40608,48.4071814,14.8403296
40607,48.4429634,14.5383884
40606,48.4501386,14.7764569
40605,48.4883044,14.4113247
40604,48.3674201,14.516935
40603,48.4183132,14.6122364
40602,48.5365395,14.536526
40601,48.5112961,14.5047566
40512,48.3368822,13.9570273
40511,48.2519273,14.0372273
40510,48.2640983,13.9298283
40509,48.3374474,13.9995498
40508,48.3164376,13.9072152
40507,48.3098868,14.0067274
40506,48.3623242,14.0030662
40505,48.4098192,13.9165979
40504,48.2836334,14.0296096
40503,48.3082607,14.0203999
40502,48.3620058,14.0191063
40501,48.2877185,14.1071126
40446,48.2344793,13.1787122
40445,48.1931447,12.8760256
40444,48.1947461,13.2119532
40443,48.0786825,12.8267386
40442,48.1788685,12.9691646
40441,48.1188102,13.1554855
40440,48.2088221,13.274959
40439,47.1796446,15.47841248940237
40438,48.2539667,13.0967901
40437,48.0072557,12.8951284
40436,48.1212848,13.2838568
40435,48.1264832,13.0169717
40434,48.2011733,13.2509385
40433,48.2298482,13.2832201
40432,48.1290761,13.083445
40431,48.0754344,13.1445689
40430,48.0070666,13.0840492
40429,48.0157311,13.1284622
40428,48.0459363,12.8303402
40427,48.1787061,13.0474332
40426,48.0681603,13.1833927
40425,48.0453636,12.9891593
40424,48.2076925,13.1646181
40423,48.2765455,13.1620614
40422,48.1889436,13.1346491
40421,48.1030792,13.1503106
40420,48.1393584,13.21758858840733
40419,48.0082716,13.1797199
40418,48.0057448,13.2157714
40417,48.0390964,13.1006814
40416,48.0495048,13.1478812
40415,48.1635227,13.260424195088405
40414,48.13875075,12.849313115734539
40413,48.1562528,13.1189284
40412,48.1340604,13.0080778
40411,48.0444121,12.8824738
40410,48.1306392,12.9395467
40409,48.0902942,12.9379067
40408,48.0521157,12.9114639
40407,48.067519,13.0442071
40406,48.0765942,12.9910444
40405,48.2030339,13.0991177
40404,48.253136,13.039506
40403,48.064017,13.1088305
40402,48.1859879,13.3044761
40401,48.250022,13.2320404
40301,48.1565472,14.0243752
40201,48.0390046,14.4191276
40101,48.3059078,14.286198
32530,48.61913255,15.129198013546404
32529,48.5212726,15.2614322
32528,48.4355527,15.1149979
32525,48.6678555,15.0627581
32524,48.7435601,15.2609944
32523,48.4535595,15.0393918
32522,48.467008,15.2317673
32521,48.5216911,15.0787343
32520,48.62855545,15.378186071710527
32519,48.4623898,14.9658389
32518,48.4234347,15.2212807
32517,48.3752622,15.1493258
32516,48.5753016,14.8838551
32515,48.42041265,15.307820531347678
32514,48.4130943,14.2764418
32511,48.3655105,15.1192168
32509,48.5385247,15.1899397
32508,48.5731094,14.9570948
32506,48.5005674,15.1679934
32505,48.724191,15.4032011
32504,48.7177232,15.2178466
32503,48.3901588,15.0068594
32502,48.4939841,14.955296
32501,48.6972006,15.3289143
32338,47.8540439,16.3260736
32337,47.8644364,16.18021676067013
32336,47.82502605,16.110190871822013
32335,47.6170412,16.2883471
32334,47.80578,16.1432182
32333,47.7223847,16.2332978
32332,47.8689194,16.0552015
32331,47.8675781,15.9823957
32330,47.8608075,16.2486373
32327,47.8994729,16.2463342
32326,47.9458868,15.383665
32325,47.6655698,16.2112386
32324,47.8950935,15.7348247
32323,47.8977953,15.9596373
32322,47.9116889,15.9372977
32321,47.8434019,15.9820844
32320,47.88978675,16.194684994558063
32319,47.8733551,16.1289999
32318,47.8353533,16.2939262
32317,47.5997892,16.1968142
32316,47.7429289,16.2392243
32315,47.4828907,9.9354306
32314,47.503165,16.2979387
32313,47.76804885,16.276906128219643
32312,47.5899998,16.2594523
32311,47.825779350000005,16.051485540442272
32310,47.6610157,16.2824679
32309,47.44763985,16.19624208085498
32308,47.8545821,15.852208886179092
32307,47.8786521,16.2396573
32306,47.7260765,16.2153063
32305,47.8571336,16.3216005
32304,47.8774622,16.372311
32302,47.4954307,16.2340758
32301,47.830279899999994,16.16295171206211
32223,48.7661388,15.2864275
32222,48.938941,15.3522095
32221,48.8084062,15.205325791427441
32220,48.8146165,15.284518
32219,48.7589848,15.1819733
32217,48.8554173,15.2873133
32216,48.8474094,15.4934343
32214,48.8437146,15.1921371
32212,48.7783711,15.479961338349082
32210,48.9302844,15.240086
32209,48.8839197,15.4023897
32207,48.7910991,15.4044521
32206,48.8939655,15.2199923
32203,48.9162587,15.3209854
32202,48.7934937,15.3801711
32144,48.30499,16.323756
32143,48.33346795,16.151143375807838
32142,48.31739315,16.217596341923525
32141,48.3451268,15.9090379
32140,48.32539535,16.177346689299846
32139,48.2541233,15.8603823
32135,48.3311702,16.05179
32134,48.2904507,16.1230974
32132,48.3107392,15.8181794071457
32131,48.2560122,16.0117674
32120,48.2906073,15.9386148
32119,48.3067033,16.0075138
32116,48.301191,16.1459049
32115,48.4183552,15.9461307
32114,48.4319557,15.8986861
32112,48.27744155,16.050874967738835
32110,48.4729569,15.9822875
32109,48.4843669,15.8673467
32107,48.408553,15.7777049
32106,48.43804,15.8186134
32104,48.2914647,15.9058845
32101,48.4001618,15.9803689
32018,48.0770448,15.0630787
32017,48.11519855,15.10632816285096
32016,48.1298877,15.1376585
32015,48.0466867,15.0263057
32014,48.0674438,15.0488188
32013,48.0053866,15.1674871
32012,48.02382995,15.23055459052791
32011,47.958919050000006,15.219774217921845
32010,47.9855984,15.0722841
32009,48.0117296,14.972678
32008,48.05225975,15.134779617930125
32007,47.9280944,15.2872186
32006,48.0646803,15.2183011
32005,47.8606764,15.0270919
32004,47.9675268,14.98300676267798
32003,47.9852034,15.0237254
32002,47.8078195,14.9323104
32001,47.9286915,15.0876554
31954,48.1579894,16.1209769
31953,48.218908299999995,16.092482607635688
31952,48.2076724,16.1772068
31951,48.1792064,16.077089
31950,48.2462043,16.1660014
31949,48.2278911,16.1537402
31948,48.3164285,15.572668764286519
31947,48.1050511,15.6058057
31946,48.262265,15.794457
31945,48.1140284,15.5326299
31943,48.3499106,15.7441868
31941,48.1223494,15.813847
31940,48.307679,15.6414443
31939,47.9458868,15.383665
31938,48.156481299999996,15.49391841913589
31935,48.0657421,15.4687121
31934,48.159505,15.6887284
31932,48.2018046,15.5168991
31930,48.2711067,15.6258750920559
31929,48.1500368,15.5438089
31928,48.3530642,15.6960222
31927,48.14182965,15.891592208763146
31926,48.1970124,15.907098
31925,48.2366127,15.5551978
31923,48.1007111,15.748116500773655
31922,48.182717249999996,15.493860847499356
31921,48.189586,15.930371
31920,47.9954454,15.4008634
31919,48.1834821,15.8171423
31918,48.0255457,15.4327763
31917,48.15401,15.7791863
31916,48.2586538,15.5656447
31915,48.2585513,15.7570191
31913,48.31714905,15.685058948318954
31912,48.2843295,15.6946065
31911,48.2003427,15.4532175
31910,48.2175607,15.4888957
31909,48.0856215,15.49840142067392
31907,48.1992201,15.5538268
31906,47.9823504,15.3256937
31905,48.1729161,15.9850708
31904,48.1005915,15.87687617178537
31903,48.1979315,15.7624204
31902,48.2453416,15.9251028
31901,48.1534694,15.91884
31849,47.799619,16.022638558550366
31848,47.5113072,16.1329802
31847,47.7710398,16.03944255015647
31846,47.6993466,16.0247037
31845,47.7896479,16.0540051
31844,47.6916233,16.0760073
31843,47.2581667,10.1833481
31842,47.72764415,15.881667175010241
31841,47.6028974,15.891551
31840,47.5701852,16.1435083
31839,47.7066007,16.0194688
31838,47.63772535,15.80723481320653
31837,47.6998726,16.1477079
31836,47.8118568,15.7048328
31835,47.730877,16.1720628
31834,47.77690255,15.984339442885668
31833,47.6545995,15.8716054
31832,47.65711225,16.167364103845536
31831,47.778118649999996,16.12176688031677
31830,47.5870539,16.008036
31829,47.6975452,15.838266
31827,47.6431905,15.930157
31826,47.7895615,15.9124064
31825,47.7029294,15.9277244
31823,47.7162157,16.1862518
31821,47.6931375,15.8623556
31820,47.6234492,15.9431615
31818,47.7221147,16.081602
31817,47.7129594,16.0979377
31815,47.5120788,16.0361905
31814,47.6097666,15.9913438
31813,47.7983651,15.9876033
31812,47.6162058,16.1259492
31811,47.674318650000004,16.026076593652697
31810,47.6757858,15.9374085
31809,47.5999085,16.0541958
31808,47.6693834,15.952258
31807,47.5978793,16.1408908
31806,47.6967195,15.9837888
31805,47.6592659,15.8209213
31804,47.73294,16.1398707
31803,47.5558246,16.0321267
31802,47.55210945,16.091602470349354
31801,47.6587198,16.0156484
31726,48.1472945,16.05836605699315
31725,48.083362,16.3143717
31723,48.1216028,16.3370676
31719,48.1191393,16.2651702
31718,48.0298076,16.3791947
31717,48.0855922,16.2833526
31716,48.0974516,16.2837722
31715,48.0686831,16.3561206
31714,48.1555671,16.1746578
31713,48.117198,16.200044
31712,48.0801855,16.239042909866875
31711,48.1116298,16.3622404
31710,48.0486224,16.3132175
31709,48.0454352,16.2778213
31707,48.0970038,16.2363114
31706,48.0545264,16.2012709
31704,48.1070931,16.2836918
31703,48.136317500000004,16.171103334541446
31702,48.0835028,16.346171
31701,48.0803418,16.3865508
31658,48.7612157,16.5782448
31655,48.3829773,16.5181068
31654,48.58659,16.64169
31653,48.7564787,16.5012815
31652,48.6667409,16.3456622
31651,48.42052905,16.490424134688446
31650,48.6513414,16.2972212
31649,48.6767592,16.4861709
31646,48.7244384,16.7221202
31645,48.6499654,16.9001113
31644,48.6678922,16.6291796
31642,48.3645929,16.5407442
31636,48.5510618,16.3985327
31634,48.7209394,16.4924882
31633,48.5694535,16.5720327
31630,48.5336216,16.4914576
31629,48.7125893,16.3745565
31628,48.4881969,16.480665719218873
31627,48.450729499999994,16.479967054584193
31622,48.4469093,16.528404161556075
31621,48.6971132,16.6838
31620,48.627594,16.8282029
31617,48.6442899,16.7242033
31616,48.6636581,16.2470337
31615,48.3569907,16.5694585
31614,48.3613007,16.4659971
31613,48.6151094,16.3975971
31612,48.4779777,16.5895025
31611,48.6517113,16.382297
31609,48.6553651,16.413929
31608,48.7214956,16.5847003
31606,48.7560897,16.6464924
31605,48.360083,16.6029097
31604,48.6916576,16.8699891
31603,48.5860906,16.4970589
31601,48.647373,16.7950882
31553,48.2418775,15.3383505
31552,48.2844137,15.0657749
31551,48.03657855,15.316272944691786
31550,48.1883593,15.26595411313918
31549,48.1772445,15.0852856
31546,48.2911987,15.265677
31543,48.18931355,15.359933913763568
31542,48.2552651,15.37297
31541,48.264682199999996,15.022949181569022
31540,48.165399449999995,15.022378596170727
31539,48.13398925,15.302308032261687
31537,48.1361373,15.2774513
31535,48.3412014,15.2747748
31534,48.3176183,15.1994013
31533,48.2119885,15.2120099
31531,48.1462647,15.1558918
31530,48.1999396,15.109379193305553
31528,48.2241564,14.9829725
31527,48.1405853,15.0591107
31525,48.29613035,15.115893094189683
31524,48.2272068,15.3369992
31523,48.2252539,15.1571646
31522,48.2142911,15.1508476
31521,48.111069,15.3410341
31520,48.2004159,15.4020198
31519,48.2274929,15.2658609
31517,48.2081012,15.1626948
31516,48.2185879,15.2161113
31515,48.07721665,15.308262305606206
31514,48.1006741,15.409716
31513,48.1563311,15.4122359
31511,48.1966607,15.0774224
31509,48.1944951,15.1761359
31508,48.1856816,15.1849295
31507,48.266284549999995,15.46179860085941
31506,48.3260976,14.9830253
31505,48.12520455,14.986796932181033
31504,48.1230784,15.469639
31503,48.151798,15.189295647587937
31502,48.257464999999996,15.215507874704386
31414,47.9298884,15.4897884
31413,48.2285686,15.6587277
31412,48.0438943,15.6703728
31411,47.8537758,15.564561
31410,48.0477731,15.7415074
31409,47.4217532,13.6531171
31408,47.83582795,15.256513421589085
31407,48.0149797,15.5966191
31406,48.45636,13.9923033
31405,48.0241207,15.8980956
31404,47.9105417,15.6198852
31403,48.0348237,15.7711936
31402,48.0488968,15.5677091
31401,47.8717371,15.3756128
31356,48.4646006,15.5734538
31355,48.5199338,15.6964473
31351,48.3972511,15.4695702
31350,48.4317076,15.4339408
31347,48.4500888,15.6034561
31346,48.471718,15.7367004
31344,48.3607561,15.4133906
31343,48.4499628,15.555542
31340,48.59053495,15.549782802265966
31338,48.365262349999995,15.472531522016236
31337,48.4189443,15.656463
31336,48.5732783,15.3317704
31333,48.3545278,15.6183234
31330,46.8583111,13.3451485
31327,48.3937912,15.5788626
31326,48.3035403,15.3437723
31324,48.50085315,15.381229144603662
31323,48.4729363,15.5931017
31322,48.472601,15.676295
31321,48.589971,15.449711
31319,48.5292063,15.4848222
31315,48.46351475,15.719176663457931
31311,48.516682,15.4905293
31310,48.433264,15.6876068
31309,48.374646,15.6131886
31308,48.43946455,15.730154086052206
31304,48.3953879,15.5203111
31303,48.3459461,15.505632564807692
31302,48.4625849,15.3684312
31301,48.3020424,15.389423746266353
31235,48.294579,16.4679227
31234,48.449149,16.3003618
31230,48.3846124,16.2076303
31229,48.3665574,16.3827824
31228,48.4087806,16.0165889
31227,48.3776046,16.2606615
31226,48.44505335,16.161659080536978
31224,48.2766946,16.6099944
31216,48.3774194,16.3198352
31215,48.4205577,16.2464411
31214,48.3096359,16.3572556
31213,48.3440605,16.3334321
31208,48.3943998,16.1027331
31207,48.3877971,16.3717376
31206,48.3327348,16.40673
31205,48.4747327,16.4202786
31204,48.4976829,16.2303134
31203,48.5282016,16.3628114
31202,48.3614175,16.4262364
31201,48.3316817,16.3616015
31130,48.6254128,15.867513131370359
31129,48.7817161,15.8115924
31124,48.6868191,15.7468322
31123,48.6877091,15.597785755208951
31121,48.6353661,15.696094843703957
31120,48.6661866,15.8859882
31119,48.6557003,15.5084295
31117,48.7387213,15.6290739
31114,48.67052345,15.752616720000924
31113,48.8322066,15.7124882
31111,48.7926425,15.5678266
31110,48.74181595,15.541302323345771
31109,48.6636596,15.6563147
31107,48.7974749,15.6724733
31106,48.5951053,15.6594592
31105,48.6432222,15.8162695
31104,48.8483327,15.646721583285071
31103,48.6209661,15.7969533
31102,48.6940456,15.5200816
31101,48.6479626,15.5933893
31053,48.5279373,15.9275559
31052,48.6961487,15.9583751
31051,48.6274252,16.1013122
31043,48.5986049,15.9416906
31042,48.7167956,16.1754518
31041,48.7167804,15.9089336
31038,48.76481205,16.013269728935857
31037,48.7569663,15.9511119
31036,48.5514581,15.8500427
31035,48.7048968,15.8609985
31033,48.6998138,16.0132605
31028,48.6264156,16.21670414600073
31026,48.5706932,15.8259176
31025,48.6730424,16.1841711
31022,48.5625384,16.0798033
31021,48.5126379,15.816257606124626
31019,48.5037435,15.973779062759668
31018,48.7076263,16.0770862
31016,48.8536837,15.8585681
31015,48.7099716,16.1310288
31014,48.6488543,16.0482854
31009,48.60930595,16.028285504009883
31008,48.492749,16.1208031
31001,48.702982,16.0999208
30942,48.7007937,14.8941385
30940,48.72828505,15.016117097560867
30939,48.7234825,14.9037722
30935,48.7933789,15.0689756
30932,48.6645624,14.8394753
30929,48.9660148,15.1484689
30925,48.9443409,15.0453244
30921,48.7233594,15.096899004221012
30920,48.7716533,15.0259648
30917,48.742033,15.1248628
30916,48.8657996,15.1230155
30915,48.9972491,15.0574342
30913,48.7084116,14.7924684
30912,48.6518259,14.9419494
30910,48.6283907,14.8249161
30909,48.74466365,14.923831654463454
30908,48.7729279,14.9861752
30906,48.9164996,15.100324
30904,48.9082022,15.1485817
30903,48.850905749999995,15.005483741256093
30902,48.84428865,15.07748123776691
30865,48.3166581,16.84487175955956
30863,48.5447465,16.7621379
30860,48.3442483,16.7668257
30859,48.4698035,16.7855794
30858,48.2570006,16.7430567
30857,48.4859813,16.6789209
30856,48.3189487,16.6429437
30854,48.4647761,16.7390131
30852,48.356717599999996,16.689004684010797
30850,48.5604539,16.8716591
30849,48.2471795,16.5640326
30848,48.3863701,16.7388956
30846,48.2795355,16.5901388
30845,48.5908816,16.824169302962957
30844,48.1486658,16.7017163
30842,48.2651844,16.7086736
30841,48.6004802,16.7888478
30838,48.42553565,16.682828576759917
30836,48.2666667,16.6333333
30835,48.2778951,16.9097882
30834,48.1526953,16.6606255
30831,48.2254999,16.69066
30830,48.2256655,16.8211797
30829,48.4993469,16.8709089
30828,48.4642356,16.6508678
30827,48.6064895,16.9020685
30826,48.6139237,16.7597613
30825,48.1933853,16.7841394
30824,48.4149793,16.6345029
30822,48.2587443,16.6200089
30821,48.2018,16.5519598
30819,48.246471,16.6405505
30817,48.3403867,16.7187051
30814,48.1811534,16.8837453
30813,48.1459812,16.7966149
30812,48.4372037,16.7862432
30811,48.4717951,16.8499148
30810,48.5401579,16.9013391
30808,48.2959872,16.5568452
30805,48.4526989,16.6002397
30804,48.3732892,16.6357148
30803,48.3790076,16.8289888
30802,48.178118,16.6670298
30801,48.2846585,16.5358577
30741,48.1098611,16.461575
30740,48.10499675,16.5848987032657
30739,48.0713564,16.5828592
30738,48.0835033,16.5274495
30737,48.019531,16.4616136
30736,48.0987185,16.4195246
30735,48.1086178,16.3968086
30734,48.1084153,16.4416573
30733,48.0916809,16.6047086
30732,48.07023185,16.447368939719944
30731,48.0291491,16.4886373
30730,48.1185885,16.6112789
30729,48.0449666,16.5210803
30728,48.1349926,17.0095357
30726,48.0221946,16.6356209
30724,47.991832,16.6579499
30722,48.0939365,16.7962338
30721,48.0661341,16.8594353
30719,48.0750792,16.953124
30718,48.1141485,16.8657834
30716,47.9744729,16.6038027
30715,48.118672,16.9390072
30713,47.9438426,16.5792023
30712,48.0697437,16.7864837
30711,48.10510555,16.68936664826509
30710,48.1466103,16.9422459
30709,48.030202599999996,16.565324175959372
30708,48.06147015,16.730526163309737
30706,48.0831116,16.6065105
30704,48.0255094,16.7790041
30703,48.1028069,17.0373013
30702,48.1341577,16.9059472
30701,47.9223404,16.5585418
30646,47.9242264,16.304181762522553
30645,47.9822076,16.0396616
30641,47.9944012,16.3435915
30639,48.016576650000005,16.315339360625284
30637,47.9500845,16.2815132
30636,47.9589755,16.302319
30635,47.9845791,16.214595
30633,47.9587158,16.5192999
30631,47.9340342,16.2545847
30629,47.9982784,16.5262157
30627,47.9585861,16.0969077
30626,47.9100871,16.3875417
30625,48.0173229,16.2644673
30623,47.9759646,16.3232686
30621,47.9974719,16.4703767
30620,47.9285336,16.216666
30618,47.9513587,16.2285187
30616,48.1081413,15.987766126835384
30615,47.9311604,16.1810091
30614,47.8946978,16.1057941
30613,46.9881998,16.2601459
30612,47.9433308,16.2616119
30609,47.9730092,15.9735087
30608,47.90881645,16.171840026636964
30607,47.96611095,16.39163215125545
30605,47.9455876,16.1093585
30604,48.0076713,16.2343693
30603,47.9655519,16.2148073
30602,48.015706,15.9917879
30601,48.0585791,16.0786108
30544,48.1301309,14.8079598
30543,47.9479529,14.8952028
30542,48.0793981,14.6692809
30541,48.0915707,14.8477591
30539,48.0552209,14.5844344
30538,48.1461305,14.720464783562061
30536,48.1505699,14.893147
30534,48.1434729,14.6503692
30533,48.00147565,14.780380652602346
30532,48.0364443,14.6531199
30531,48.16847735,14.549624526556675
30530,48.02338005,14.605713508763685
30529,48.203854449999994,14.569415884270539
30527,48.13100385,14.949419444507331
30526,47.84189275,14.892818186642405
30524,47.8780194,14.8232542
30522,48.1071177,14.773726304944471
30521,48.193323,14.9030829
30520,48.0574921,14.8553586
30517,48.0292938,14.7675296
30516,47.804154,14.7721536
30515,48.077021,14.459324
30514,48.1118898,14.5660884
30512,48.0941,14.9840728
30511,48.0820061,14.9323555
30510,47.97638,14.630648
30509,48.126951,14.482904
30508,48.2122546,14.4907318
30507,48.0291168,14.708497
30506,48.0344195,14.4978212
30504,48.0728164,14.7493618
30503,48.17457345,14.833117011911085
30502,48.1203262,14.8752424
30501,48.0266596,14.7906625
30401,47.8131847,16.2441166
30301,47.951269499999995,14.744518823180208
30201,48.2043985,15.6229118
30101,48.4108382,15.6003717
21010,46.7882033,14.1123702
21009,46.6980952,14.0090223
21008,46.7480266,14.1812449
21007,47.6975452,15.838266
21006,46.6758288,13.9823604
21005,46.7483816,14.0370853
21004,46.7755171,13.9609809
21003,46.7150055,14.2109604
21002,46.7229178,14.0964965
21001,46.86603,13.981696878110348
20923,46.8390583,14.8452061
20918,46.7008428,14.8694506
20914,46.7185228,14.9163192
20913,47.1491046,13.7930773
20912,47.0076132,14.7399095
20911,46.9385944,14.9238752
20909,46.6415802,14.942053
20905,46.8448946,14.950409096668512
20901,46.9646368,14.7887727
20817,46.6604246,14.6340505
20815,46.53971575,14.616718237467305
20813,46.6153315,14.5761157
20812,46.6588855,14.7722897
20810,46.6428848,14.8873265
20808,46.7038006,14.7308073
20807,46.550058,14.700663534157606
20806,46.5592277,14.5066104
20805,46.55278775,14.766607502723474
20804,46.45608545,14.56467274396056
20803,46.6030806,14.668521260739595
20802,46.7449426,14.6163385
20801,46.5901133,14.7989915
20727,46.624741,13.9321561
20726,46.6826499,13.7225735
20725,46.6151882,14.0450583
20724,46.667731,13.8548482
20723,46.7215055,13.499406
20722,46.5269315,14.05142474667663
20721,46.5898126,14.0200876
20720,46.7118514,13.6370454
20719,46.60095715,13.627258858447325
20713,46.5579642,13.6561888
20712,46.71223,13.6918166
20711,46.5659297,13.8713597
20710,46.735805,13.6258971
20708,46.776339,13.7477023
20707,46.577498,13.606565
20705,46.6245962,13.6871559
20703,46.7301731,13.8507319
20702,46.548718,13.7071246
20701,46.7262172,13.7966273
20644,46.89639365,13.281506835771335
20643,46.8370716,13.3704357
20642,46.926163450000004,13.682932583058534
20640,46.8704513,12.8776815
20639,46.69653215,13.366197619866226
20638,46.9010217,13.470245156433272
20637,46.7574965,13.2476697
20636,46.8866446,13.0343034
20635,46.7982211,13.4963308
20634,46.8190736,13.5186548
20633,46.829306,13.3544424
20632,47.0171559,13.6134966
20631,46.8623341,12.9575269
20630,46.8007487,13.7107017
20627,46.932825,13.2019817
20625,46.7483693,12.9701278
20624,46.8583111,13.3451485
20622,46.9216153,12.9130906
20620,46.8051293,13.5714926
20619,46.9545937,13.5063159
20618,46.9886869,13.1706177
20616,46.8337598,13.4261725
20613,46.76921095,13.369446418443296
20611,46.7557323,13.0245296
20610,47.0392667,12.8421104
20609,46.7506053,13.1804131
20608,46.9065611,13.5359844
20607,46.9351835,13.1298627
20605,46.9755616,12.8916439
20604,46.7659486,13.084745156641972
20603,46.74483415,13.129454223492226
20602,46.8016902,13.4511819
20601,46.8144214,13.7983599
20534,46.802165200000005,14.295498879899064
20531,46.8498099,14.192773
20530,46.8955368,14.3313853
20527,46.7672814,14.3576981
20523,46.780267,14.431627
20520,46.8620911,14.4464578
20519,46.914433,14.4266404
20518,46.9805556,14.2166667
20515,46.73783,14.2894871
20513,46.8357764,14.5410072
20512,46.8381429,14.4863207
20511,46.9397139,14.5486137
20509,46.8903519,14.5113664
20508,46.8751209,14.2897692
20506,46.8742382,14.1166943
20505,46.9520636,14.4052266
20504,46.8091853,14.5595465
20503,46.8548989,14.0742413
20502,46.7485397,14.5319719
20501,46.871383,14.4698793
20442,46.6643147,14.3999521
20441,46.4742377,14.374357494833053
20435,46.6464364,14.085331426153877
20432,46.6046605,14.0964161
20428,46.5264861,14.412525956493024
20425,46.6509109,14.45082
20424,46.6359543,14.1448209
20421,46.65774,14.1735526
20419,46.6176925,14.1630158
20418,46.6808317,14.3490671
20417,46.5607322,14.2875793
20416,46.548782700000004,14.146276860077835
20415,46.63377425,14.210521113500743
20414,46.5624,14.234
20412,46.5934581,14.1872245
20409,46.6106949,14.4679243
20405,46.5265324,14.3006203
20403,46.490776,14.140201846169271
20402,46.58930525,14.39455209784725
20321,46.6840108,12.8489398
20320,46.67843775,13.271600565567685
20316,46.6165918,13.5175695
20307,46.6616767,12.971169864384253
20306,46.6405556,13.1869444
20305,46.6126272,13.355188956890357
20302,46.6613594,13.078508
20201,46.6167284,13.8500268
20101,46.623943,14.3075976
10932,47.2428207,16.4212819
10931,47.1960408,16.3735434
10930,47.2396424,16.273665
10929,47.368317,16.0229645
10928,47.2576646,16.0964197
10927,47.384183,16.1440911
10926,47.3020477,16.3476026
10925,47.2596082,16.2331055
10924,47.3760789,16.3248899
10923,47.3233193,16.2768141
10922,47.2650243,16.4341545
10921,47.2526536,16.2428502
10920,47.3473047,16.1327297
10919,47.3049404,16.4408807
10918,47.37254,16.1234157
10917,47.2861513,16.2124214
10916,47.3502046,16.2059206
10915,47.2199383,16.2189647
10914,47.193792,16.3121335
10913,47.2958381,16.3943565
10912,47.291894,16.0805651
10911,47.3665294,16.2313699
10910,47.335230949999996,16.07203366031665
10909,47.2095923,16.161555
10908,47.1752597,16.3579534
10907,47.2490108,16.1524643
10906,47.2295643,16.3811473
10905,47.2385296,16.3219127
10904,47.3633649,16.0660321
10903,47.15869355,16.43462698425938
10902,47.4057249,16.2581042
10901,47.3338327,16.2290003
10828,47.4457771,16.5041629
10827,47.5250772,16.357118019142614
10826,47.45545165,16.37264437247677
10825,47.572557,16.4991792
10824,47.5887753,16.5027466
10823,47.5793832,16.4273085
10822,47.5274371,16.477689
10821,47.47447205,16.487524073561207
10820,47.6108366,16.4971048
10819,47.5678141,16.5288486
10818,47.4486872,16.4158141
10817,47.4414153,16.3487551
10816,47.5012609,16.5054577
10815,47.53533,16.6603337
10814,47.5459648,16.4461422
10813,47.599776,16.5483316
10812,47.5615447,16.4280445
10811,47.4295624,16.5278233
10810,47.4637739,16.6402144
10809,47.4066558,16.4181944
10808,47.588607,16.4643369
10807,47.5967488,16.3926882
10806,47.5367161,16.38541896629782
10805,47.5874558,16.5475663
10804,47.5396097,16.5527854
10803,47.459547799999996,16.567944236597857
10802,47.5102623,16.4008189
10801,47.6004471,16.6248006
10727,48.0992101,16.9884234
10726,48.0448482,16.9477439
10725,47.1609646,15.7550684
10724,47.9841599,17.0030199
10723,47.9505257,16.7563089
10722,47.9261532,16.8679364
10721,47.72618,16.9380668
10720,47.7640341,16.9867991
10719,47.7841321,16.9415
10718,47.8568111,16.8341439
10717,47.9973956,16.8608307
10716,47.7022616,16.9059181
10715,48.0475424,17.0345629
10714,47.9403019,17.0661763
10713,47.9491855,16.8425149
10712,47.8826538,16.9411726
10711,48.0924999,17.0638888
10710,47.9620701,16.794767
10709,47.7610752,16.8008294
10708,47.8714144,16.9742478
10707,47.8983503,16.9083706
10706,48.0155051,16.9841624
10705,47.837745,16.9241358
10704,48.0116888,17.1069611
10703,48.0198451,16.7792466
10702,47.7432657,16.8332299
10701,47.775808,17.0330436
10619,47.7845295,16.415535
10618,47.76269715,16.456865967721264
10617,47.7366018,16.5047245
10616,47.772721,16.4766748
10615,47.7382162,16.3381161
10614,47.7750029,16.3948459
10613,47.6488248,16.3797821
10612,47.7118197,16.5106398
10611,47.7752135,16.3258026
10610,47.7097133,16.4253971
10609,47.8063691,16.3699519
10608,47.7527394,16.4365938
10607,47.7978747,16.2979047
10606,47.7368423,16.3980488
10605,47.7189954,16.4176425
10604,47.6970518,16.4773396
10603,47.7869661,16.454586
10602,47.7131848,16.349985
10601,47.7458723,16.4876353
10512,46.8866261,16.0380137
10511,47.0047074,16.1708221
10510,46.9416641,16.1863665
10509,46.9206088,16.1346263
10508,47.0492181,16.1224748
10507,46.8690545,16.0292721
10506,46.9481799,16.233476
10505,46.8813494,16.0706448
10504,46.9371733,16.1412906
10503,46.9881998,16.2601459
10502,47.0073713,16.1990223
10501,47.0907356,16.1061701
10428,47.0568399,16.4784094
10427,47.1424088,16.230739574265908
10426,47.133239950000004,16.48562891240856
10425,47.119308,16.1641956
10424,47.1191584,16.1910116
10423,47.005130199999996,16.31032113583282
10422,47.0335104,16.3244932
10421,47.0124793,16.3168203
10420,47.0161982,16.361314
10419,47.2228524,16.0981793
10418,47.1956456,16.1067862
10417,47.0899178,16.3063095
10416,47.0447897,16.4141729
10415,47.2043957,16.1331831
10414,47.1592565,16.1682822
10413,47.1277657,16.2696536
10412,47.1863428,16.164464
10411,47.1876885,16.205515
10410,47.0251655,16.2628257
10409,47.1690249,16.2596763
10408,47.0754778,16.2085778
10407,47.0271057,16.4162292
10406,47.159708,16.2891471
10405,47.058765,16.3243364
10404,47.0733116,16.25869189870641
10403,47.1066806,16.4612157
10402,47.15774855,16.124122136303342
10401,47.1440687,16.1745205
10323,47.7646225,16.5136193
10322,47.8148376,16.4084515
10321,47.9069163,16.5464748
10320,47.9155019,16.517984
10319,47.7949101,16.4985038
10318,47.9163073,16.4295079
10317,47.8140457,16.558039
10316,47.8358338,16.4146427
10315,47.7803088,16.5414018
10314,47.8509991,16.6255695
10313,47.789678949999995,16.616896104040084
10312,47.913427,16.6957954
10311,47.8505368,16.593500143287912
10310,47.83322,16.6668936
10309,47.8677623,16.3764014
10308,47.8397161,16.4571041
10307,47.7532964,16.6658697
10306,47.9352674,16.4794263
10305,47.7548029,16.54056
10304,47.879108,16.4430459
10303,47.8352763,16.4811962
10302,47.8960626,16.6445815
10301,47.9354529,16.7146657
10201,47.8037042,16.689014287384975
10101,47.8454821,16.5249288
